city,latitude,longitude,date,temp_max,temp_min,precipitation,precip_probability,wind_max,wind_gusts,weather_code
Casablanca,33.5625,-7.625,2026-09-20,29.6,20.5,0.0,0,9.8,28.8,2
Casablanca,33.5625,-7.625,2026-09-21,30.5,20.8,0.0,0,10.4,30.6,2
Casablanca,33.5625,-7.625,2026-09-22,28.6,20.6,0.0,0,9.8,28.8,45
Casablanca,33.5625,-7.625,2026-09-23,27.8,20.1,0.0,0,9.4,27.7,45
Casablanca,33.5625,-7.625,2026-09-24,28.2,19.2,0.0,0,10.3,29.5,45
Casablanca,33.5625,-7.625,2026-09-25,29.2,19.0,0.0,0,12.2,31.7,45
Casablanca,33.5625,-7.625,2026-09-26,27.7,19.1,0.0,0,11.1,29.2,3
Tangier,35.75,-5.8125,2026-09-20,28.0,23.6,0.0,0,32.4,76.7,2
Tangier,35.75,-5.8125,2026-09-21,28.6,23.1,0.0,0,29.2,68.0,3
Tangier,35.75,-5.8125,2026-09-22,28.9,21.7,0.0,0,25.2,58.0,1
Tangier,35.75,-5.8125,2026-09-23,29.7,21.0,0.0,0,20.2,46.1,0
Tangier,35.75,-5.8125,2026-09-24,30.5,21.5,0.0,0,18.4,43.6,0
Tangier,35.75,-5.8125,2026-09-25,29.8,19.9,0.0,0,9.6,18.0,3
Tangier,35.75,-5.8125,2026-09-26,27.1,20.6,0.0,0,26.8,49.3,3
Fès,34.0625,-5.0,2026-09-20,35.0,21.8,0.0,0,14.8,38.5,0
Fès,34.0625,-5.0,2026-09-21,35.2,21.7,0.0,0,11.6,30.6,2
Fès,34.0625,-5.0,2026-09-22,34.0,20.9,0.0,0,8.9,23.8,0
Fès,34.0625,-5.0,2026-09-23,34.8,19.7,0.0,0,7.6,20.9,0
Fès,34.0625,-5.0,2026-09-24,35.8,20.2,0.0,0,10.1,27.0,0
Fès,34.0625,-5.0,2026-09-25,36.9,21.7,0.0,0,11.2,28.1,1
Fès,34.0625,-5.0,2026-09-26,35.2,21.7,0.0,0,14.3,35.3,3
Marrakech,31.625,-8.0,2026-09-20,37.3,23.3,0.1,15,12.6,33.5,80
Marrakech,31.625,-8.0,2026-09-21,37.1,23.5,0.1,10,15.9,43.2,3
Marrakech,31.625,-8.0,2026-09-22,36.8,20.9,0.0,0,10.8,31.3,2
Marrakech,31.625,-8.0,2026-09-23,36.8,19.8,0.0,0,9.7,28.4,0
Marrakech,31.625,-8.0,2026-09-24,37.4,19.0,0.0,0,9.2,27.0,0
Marrakech,31.625,-8.0,2026-09-25,37.2,21.1,0.0,0,13.9,25.6,2
Marrakech,31.625,-8.0,2026-09-26,32.2,22.7,0.0,3,10.0,17.6,3
Sale,34.0,-6.8125,2026-09-20,31.7,19.7,0.0,0,10.7,28.4,1
Sale,34.0,-6.8125,2026-09-21,30.9,20.8,0.0,0,10.8,28.4,2
Sale,34.0,-6.8125,2026-09-22,29.7,20.0,0.0,0,10.5,27.7,0
Sale,34.0,-6.8125,2026-09-23,28.5,18.8,0.0,0,11.6,30.6,1
Sale,34.0,-6.8125,2026-09-24,29.5,18.4,0.0,0,11.5,30.2,1
Sale,34.0,-6.8125,2026-09-25,28.7,18.7,0.0,0,11.8,27.7,3
Sale,34.0,-6.8125,2026-09-26,27.0,18.8,0.0,0,11.6,27.0,3
Meknès,33.875,-5.5625,2026-09-20,35.4,20.5,0.0,0,13.4,34.2,2
Meknès,33.875,-5.5625,2026-09-21,34.9,20.9,0.0,0,14.3,37.4,2
Meknès,33.875,-5.5625,2026-09-22,32.9,18.3,0.0,0,12.7,32.4,0
Meknès,33.875,-5.5625,2026-09-23,33.8,17.6,0.0,0,13.1,35.6,0
Meknès,33.875,-5.5625,2026-09-24,35.3,18.1,0.0,0,12.4,33.5,0
Meknès,33.875,-5.5625,2026-09-25,35.6,17.0,0.0,0,16.1,36.0,2
Meknès,33.875,-5.5625,2026-09-26,33.2,17.9,0.0,0,16.1,36.4,3
Rabat,34.0,-6.8125,2026-09-20,31.8,19.8,0.0,0,10.7,28.4,1
Rabat,34.0,-6.8125,2026-09-21,31.0,20.8,0.0,0,10.8,28.4,2
Rabat,34.0,-6.8125,2026-09-22,29.8,20.1,0.0,0,10.5,27.7,0
Rabat,34.0,-6.8125,2026-09-23,28.5,18.8,0.0,0,11.6,30.6,1
Rabat,34.0,-6.8125,2026-09-24,29.6,18.5,0.0,0,11.5,30.2,1
Rabat,34.0,-6.8125,2026-09-25,28.7,18.8,0.0,0,11.8,27.7,3
Rabat,34.0,-6.8125,2026-09-26,27.0,18.9,0.0,0,11.6,27.0,3
Agadir,30.4375,-9.5625,2026-09-20,28.4,22.2,0.0,0,11.1,33.5,45
Agadir,30.4375,-9.5625,2026-09-21,34.8,22.9,0.0,0,10.1,29.2,3
Agadir,30.4375,-9.5625,2026-09-22,36.6,25.4,0.0,0,14.1,40.0,3
Agadir,30.4375,-9.5625,2026-09-23,36.1,24.8,0.0,0,16.1,37.8,3
Agadir,30.4375,-9.5625,2026-09-24,33.2,22.7,0.0,0,9.3,29.5,0
Agadir,30.4375,-9.5625,2026-09-25,33.0,21.0,0.0,0,12.9,26.6,3
Agadir,30.4375,-9.5625,2026-09-26,27.6,21.5,0.0,0,11.0,22.7,3
Kenitra,34.25,-6.5625,2026-09-20,36.2,18.6,0.0,0,13.0,33.8,45
Kenitra,34.25,-6.5625,2026-09-21,34.2,20.5,0.0,0,12.1,31.3,1
Kenitra,34.25,-6.5625,2026-09-22,31.4,19.5,0.0,0,10.6,27.4,0
Kenitra,34.25,-6.5625,2026-09-23,30.8,18.5,0.0,0,11.7,30.6,1
Kenitra,34.25,-6.5625,2026-09-24,33.6,17.6,0.0,0,13.0,36.4,0
Kenitra,34.25,-6.5625,2026-09-25,29.8,18.6,0.0,0,12.8,29.5,3
Kenitra,34.25,-6.5625,2026-09-26,27.8,18.3,0.0,0,11.7,27.7,3
Oujda-Angad,34.6875,-1.9375,2026-09-20,29.1,17.7,0.4,35,17.1,37.1,45
Oujda-Angad,34.6875,-1.9375,2026-09-21,28.7,18.3,0.0,5,21.2,42.8,45
Oujda-Angad,34.6875,-1.9375,2026-09-22,28.9,13.8,0.0,0,19.1,38.9,1
Oujda-Angad,34.6875,-1.9375,2026-09-23,30.2,15.4,0.0,0,21.0,42.1,1
Oujda-Angad,34.6875,-1.9375,2026-09-24,30.2,14.1,0.0,0,19.1,38.9,0
Oujda-Angad,34.6875,-1.9375,2026-09-25,34.5,17.7,0.0,0,17.6,31.7,0
Oujda-Angad,34.6875,-1.9375,2026-09-26,33.8,17.1,0.0,0,21.6,42.1,3
Tétouan,35.5625,-5.375,2026-09-20,25.9,22.9,0.0,0,31.8,72.0,3
Tétouan,35.5625,-5.375,2026-09-21,26.5,22.5,0.0,0,28.2,64.1,2
Tétouan,35.5625,-5.375,2026-09-22,26.9,21.1,0.0,0,21.1,47.9,1
Tétouan,35.5625,-5.375,2026-09-23,26.8,19.7,0.0,0,16.6,40.3,2
Tétouan,35.5625,-5.375,2026-09-24,27.2,20.4,0.0,0,15.9,42.5,2
Tétouan,35.5625,-5.375,2026-09-25,34.7,18.5,0.0,0,8.5,22.0,45
Tétouan,35.5625,-5.375,2026-09-26,26.4,19.0,0.0,0,18.1,43.9,45
Safi,32.3125,-9.25,2026-09-20,28.2,21.3,0.0,0,9.2,18.7,2
Safi,32.3125,-9.25,2026-09-21,27.7,19.9,0.0,0,7.9,17.3,3
Safi,32.3125,-9.25,2026-09-22,29.7,18.9,0.0,0,12.4,24.1,2
Safi,32.3125,-9.25,2026-09-23,30.2,19.6,0.0,0,15.9,33.5,45
Safi,32.3125,-9.25,2026-09-24,27.8,19.1,0.0,0,15.6,31.3,1
Safi,32.3125,-9.25,2026-09-25,31.9,19.6,0.0,0,20.5,38.9,3
Safi,32.3125,-9.25,2026-09-26,29.4,20.6,0.0,0,17.4,33.8,3
Taourirt,34.4375,-2.875,2026-09-20,30.5,20.7,0.0,3,31.7,51.8,3
Taourirt,34.4375,-2.875,2026-09-21,30.2,20.3,0.0,0,30.4,49.7,3
Taourirt,34.4375,-2.875,2026-09-22,30.3,17.3,0.0,0,24.0,38.9,1
Taourirt,34.4375,-2.875,2026-09-23,31.2,17.8,0.0,0,24.9,43.9,0
Taourirt,34.4375,-2.875,2026-09-24,32.4,17.3,0.0,0,21.2,38.2,0
Taourirt,34.4375,-2.875,2026-09-25,35.2,17.8,0.0,0,16.8,27.0,0
Taourirt,34.4375,-2.875,2026-09-26,34.2,19.4,0.0,0,21.9,37.8,3
Temara,33.9375,-6.875,2026-09-20,31.5,19.4,0.0,0,10.4,28.4,1
Temara,33.9375,-6.875,2026-09-21,31.4,20.1,0.0,0,10.6,29.9,2
Temara,33.9375,-6.875,2026-09-22,29.6,19.7,0.0,0,10.3,28.8,0
Temara,33.9375,-6.875,2026-09-23,28.6,18.7,0.0,0,11.1,30.6,1
Temara,33.9375,-6.875,2026-09-24,29.4,18.8,0.0,0,10.9,29.9,0
Temara,33.9375,-6.875,2026-09-25,26.0,18.8,0.0,0,11.3,24.1,3
Temara,33.9375,-6.875,2026-09-26,25.2,18.7,0.0,0,11.3,23.8,3
Laâyoune,27.170473,-13.229401,2026-09-20,32.6,18.8,0.0,0,18.9,38.2,2
Laâyoune,27.170473,-13.229401,2026-09-21,39.5,21.1,0.0,0,24.9,49.0,2
Laâyoune,27.170473,-13.229401,2026-09-22,38.5,21.5,0.0,0,25.6,49.3,2
Laâyoune,27.170473,-13.229401,2026-09-23,41.7,24.3,0.0,2,26.0,50.8,3
Laâyoune,27.170473,-13.229401,2026-09-24,41.2,25.7,0.0,0,25.0,48.2,0
Laâyoune,27.170473,-13.229401,2026-09-25,36.3,20.4,0.0,0,22.8,42.5,3
Laâyoune,27.170473,-13.229401,2026-09-26,31.3,19.9,0.0,0,18.1,39.6,3
El Jadid,33.25,-8.4375,2026-09-20,27.8,20.8,0.0,0,12.1,22.3,45
El Jadid,33.25,-8.4375,2026-09-21,28.4,21.0,0.0,0,13.7,24.8,45
El Jadid,33.25,-8.4375,2026-09-22,26.9,20.7,0.0,0,13.9,25.2,45
El Jadid,33.25,-8.4375,2026-09-23,26.5,20.7,0.0,0,13.7,25.2,45
El Jadid,33.25,-8.4375,2026-09-24,26.3,20.2,0.0,0,13.4,24.5,45
El Jadid,33.25,-8.4375,2026-09-25,27.4,20.6,0.0,0,15.9,30.6,45
El Jadid,33.25,-8.4375,2026-09-26,26.8,20.7,0.0,0,14.0,28.1,3
Ait Melloul,30.3125,-9.5,2026-09-20,26.8,20.2,0.0,0,17.6,36.0,45
Ait Melloul,30.3125,-9.5,2026-09-21,37.6,21.1,0.0,0,13.1,27.4,3
Ait Melloul,30.3125,-9.5,2026-09-22,37.9,22.9,0.0,0,19.8,40.0,2
Ait Melloul,30.3125,-9.5,2026-09-23,36.4,22.5,0.0,0,15.1,32.4,3
Ait Melloul,30.3125,-9.5,2026-09-24,31.9,21.0,0.0,0,16.1,33.1,0
Ait Melloul,30.3125,-9.5,2026-09-25,33.3,21.3,0.0,0,12.9,26.6,3
Ait Melloul,30.3125,-9.5,2026-09-26,27.9,21.8,0.0,0,11.0,22.7,3
Béni Mellal,32.3125,-6.375,2026-09-20,35.5,24.5,0.0,5,23.2,54.0,2
Béni Mellal,32.3125,-6.375,2026-09-21,35.3,24.0,0.0,5,19.2,51.8,2
Béni Mellal,32.3125,-6.375,2026-09-22,34.4,22.8,0.0,0,16.1,33.8,1
Béni Mellal,32.3125,-6.375,2026-09-23,34.6,22.4,0.0,0,15.0,31.3,0
Béni Mellal,32.3125,-6.375,2026-09-24,36.0,22.5,0.0,0,13.5,28.8,0
Béni Mellal,32.3125,-6.375,2026-09-25,37.3,25.7,0.0,0,17.9,34.2,1
Béni Mellal,32.3125,-6.375,2026-09-26,33.7,25.2,0.0,3,11.3,24.1,3
Bouskoura,33.4375,-7.625,2026-09-20,33.7,19.8,0.0,0,13.7,34.6,2
Bouskoura,33.4375,-7.625,2026-09-21,35.3,20.2,0.0,0,15.2,36.7,2
Bouskoura,33.4375,-7.625,2026-09-22,33.1,20.1,0.0,0,14.0,34.9,1
Bouskoura,33.4375,-7.625,2026-09-23,32.0,18.7,0.0,0,12.7,32.0,45
Bouskoura,33.4375,-7.625,2026-09-24,32.2,18.2,0.0,0,14.1,34.9,45
Bouskoura,33.4375,-7.625,2026-09-25,28.4,18.2,0.0,0,12.2,31.7,45
Bouskoura,33.4375,-7.625,2026-09-26,26.9,18.3,0.0,0,11.1,29.2,3
Tiznit,29.6875,-9.75,2026-09-20,30.6,19.4,0.0,0,12.8,22.7,45
Tiznit,29.6875,-9.75,2026-09-21,37.5,23.4,0.0,0,15.8,26.6,3
Tiznit,29.6875,-9.75,2026-09-22,38.7,25.8,0.0,0,20.2,33.5,3
Tiznit,29.6875,-9.75,2026-09-23,36.9,24.6,0.0,0,19.4,31.7,3
Tiznit,29.6875,-9.75,2026-09-24,34.5,23.4,0.0,0,15.1,24.8,1
Tiznit,29.6875,-9.75,2026-09-25,26.8,19.3,0.0,0,13.5,23.8,3
Tiznit,29.6875,-9.75,2026-09-26,26.9,19.5,0.0,0,17.1,28.1,3
Mohammedia,33.6875,-7.375,2026-09-20,28.8,19.7,0.0,0,11.5,28.8,2
Mohammedia,33.6875,-7.375,2026-09-21,29.3,20.0,0.0,0,12.2,29.5,2
Mohammedia,33.6875,-7.375,2026-09-22,27.5,19.2,0.0,0,10.9,28.1,45
Mohammedia,33.6875,-7.375,2026-09-23,26.8,19.7,0.0,0,11.1,27.4,45
Mohammedia,33.6875,-7.375,2026-09-24,26.9,18.6,0.0,0,11.6,29.5,45
Mohammedia,33.6875,-7.375,2026-09-25,31.2,17.7,0.0,0,16.2,30.6,3
Mohammedia,33.6875,-7.375,2026-09-26,28.9,18.1,0.0,0,14.5,28.1,3
Kouribga,32.875,-6.875,2026-09-20,34.9,22.5,0.0,5,22.2,41.8,3
Kouribga,32.875,-6.875,2026-09-21,35.0,22.1,0.0,3,23.5,46.1,3
Kouribga,32.875,-6.875,2026-09-22,34.3,21.0,0.0,0,19.9,38.9,2
Kouribga,32.875,-6.875,2026-09-23,33.8,21.1,0.0,0,13.8,28.8,0
Kouribga,32.875,-6.875,2026-09-24,35.2,19.7,0.0,0,20.6,41.0,0
Kouribga,32.875,-6.875,2026-09-25,34.8,16.6,0.0,0,19.4,39.2,3
Kouribga,32.875,-6.875,2026-09-26,32.4,16.8,0.0,0,16.7,33.1,3
Settat,33.0,-7.625,2026-09-20,37.1,20.6,0.2,8,18.7,41.8,3
Settat,33.0,-7.625,2026-09-21,38.2,22.3,0.0,3,21.0,45.7,3
Settat,33.0,-7.625,2026-09-22,36.4,20.7,0.0,0,19.7,40.7,2
Settat,33.0,-7.625,2026-09-23,35.9,19.2,0.0,0,14.4,36.4,0
Settat,33.0,-7.625,2026-09-24,36.0,19.7,0.0,0,15.8,35.3,0
Settat,33.0,-7.625,2026-09-25,34.9,18.7,0.0,0,17.7,36.0,3
Settat,33.0,-7.625,2026-09-26,31.7,18.4,0.0,0,17.7,35.6,3
Barrechid,33.25,-7.5625,2026-09-20,36.3,18.9,0.0,0,19.0,34.9,2
Barrechid,33.25,-7.5625,2026-09-21,38.1,19.7,0.0,0,21.1,38.2,2
Barrechid,33.25,-7.5625,2026-09-22,36.1,19.1,0.0,0,20.0,36.4,2
Barrechid,33.25,-7.5625,2026-09-23,35.2,17.2,0.0,0,15.9,29.9,0
Barrechid,33.25,-7.5625,2026-09-24,35.2,17.5,0.0,0,18.2,33.8,45
Barrechid,33.25,-7.5625,2026-09-25,33.4,17.7,0.0,0,18.8,33.8,3
Barrechid,33.25,-7.5625,2026-09-26,30.7,18.1,0.0,0,18.7,34.6,45
Ad Dakhla,23.725834,-15.966187,2026-09-20,21.7,19.7,0.0,0,29.9,37.1,0
Ad Dakhla,23.725834,-15.966187,2026-09-21,21.8,20.0,0.4,15,28.6,36.4,51
Ad Dakhla,23.725834,-15.966187,2026-09-22,22.0,20.4,0.30000000000000004,14,32.2,40.3,51
Ad Dakhla,23.725834,-15.966187,2026-09-23,22.8,20.6,0.0,6,34.2,41.4,3
Ad Dakhla,23.725834,-15.966187,2026-09-24,31.7,23.0,0.0,2,39.3,49.3,3
Ad Dakhla,23.725834,-15.966187,2026-09-25,30.3,21.6,0.0,3,36.1,47.2,3
Ad Dakhla,23.725834,-15.966187,2026-09-26,22.5,21.6,0.0,4,22.7,34.6,3
Nador,35.1875,-2.9375,2026-09-20,25.6,23.3,4.2,10,23.0,47.9,80
Nador,35.1875,-2.9375,2026-09-21,25.8,23.2,0.0,3,17.9,37.4,3
Nador,35.1875,-2.9375,2026-09-22,25.5,20.9,0.0,0,13.0,27.7,2
Nador,35.1875,-2.9375,2026-09-23,25.9,20.2,0.0,0,12.5,28.4,2
Nador,35.1875,-2.9375,2026-09-24,27.0,20.4,0.0,0,12.3,29.2,2
Nador,35.1875,-2.9375,2026-09-25,33.9,16.4,0.0,0,12.0,22.7,0
Nador,35.1875,-2.9375,2026-09-26,26.8,18.0,0.0,0,20.4,34.6,3
Taza,34.25,-4.0,2026-09-20,29.6,19.9,0.0,0,21.9,44.3,3
Taza,34.25,-4.0,2026-09-21,29.7,20.2,0.0,3,21.9,43.6,2
Taza,34.25,-4.0,2026-09-22,29.6,17.8,0.0,0,17.7,36.4,1
Taza,34.25,-4.0,2026-09-23,31.5,17.2,0.0,0,14.8,30.6,0
Taza,34.25,-4.0,2026-09-24,31.7,18.0,0.0,0,19.8,39.6,0
Taza,34.25,-4.0,2026-09-25,35.0,17.3,0.0,0,15.6,29.2,1
Taza,34.25,-4.0,2026-09-26,34.4,19.3,0.0,0,17.7,34.2,3
Inezgane,30.375,-9.5625,2026-09-20,25.5,19.5,0.0,0,13.0,36.4,45
Inezgane,30.375,-9.5625,2026-09-21,34.4,21.4,0.0,0,10.5,27.0,3
Inezgane,30.375,-9.5625,2026-09-22,36.3,22.7,0.0,0,14.3,43.2,2
Inezgane,30.375,-9.5625,2026-09-23,33.0,22.2,0.0,0,10.5,30.6,3
Inezgane,30.375,-9.5625,2026-09-24,29.9,20.9,0.0,0,10.9,30.2,0
Inezgane,30.375,-9.5625,2026-09-25,33.3,21.3,0.0,0,12.9,26.6,3
Inezgane,30.375,-9.5625,2026-09-26,27.9,21.8,0.0,0,11.0,22.7,3
Larache,35.1875,-6.125,2026-09-20,35.2,23.9,0.0,0,19.4,35.3,1
Larache,35.1875,-6.125,2026-09-21,33.1,22.1,0.0,0,17.0,31.3,0
Larache,35.1875,-6.125,2026-09-22,31.2,20.1,0.0,0,16.7,31.3,0
Larache,35.1875,-6.125,2026-09-23,31.3,18.1,0.0,0,13.8,26.6,0
Larache,35.1875,-6.125,2026-09-24,31.3,18.1,0.0,0,13.1,25.6,0
Larache,35.1875,-6.125,2026-09-25,29.1,15.3,0.0,0,14.9,27.4,1
Larache,35.1875,-6.125,2026-09-26,28.6,14.9,0.0,0,11.6,21.2,3
Al Khmissat,33.8125,-6.0625,2026-09-20,36.7,20.5,0.0,0,15.2,31.0,2
Al Khmissat,33.8125,-6.0625,2026-09-21,36.3,21.4,0.0,0,15.5,31.7,2
Al Khmissat,33.8125,-6.0625,2026-09-22,34.1,18.4,0.0,0,13.0,27.0,0
Al Khmissat,33.8125,-6.0625,2026-09-23,34.8,17.8,0.0,0,14.0,30.6,0
Al Khmissat,33.8125,-6.0625,2026-09-24,36.1,19.0,0.0,0,16.8,35.3,0
Al Khmissat,33.8125,-6.0625,2026-09-25,36.0,15.5,0.0,0,18.8,36.0,1
Al Khmissat,33.8125,-6.0625,2026-09-26,32.6,14.9,0.0,0,15.7,30.2,3
Guelmim,28.998241,-10.114685,2026-09-20,37.5,17.9,0.0,0,21.7,40.0,3
Guelmim,28.998241,-10.114685,2026-09-21,39.8,22.7,0.0,0,20.3,37.8,3
Guelmim,28.998241,-10.114685,2026-09-22,38.7,26.8,0.0,4,25.3,43.6,3
Guelmim,28.998241,-10.114685,2026-09-23,39.4,24.0,0.0,0,28.3,45.0,2
Guelmim,28.998241,-10.114685,2026-09-24,38.3,20.0,0.0,0,20.3,44.6,0
Guelmim,28.998241,-10.114685,2026-09-25,33.7,16.5,0.0,0,18.7,36.0,2
Guelmim,28.998241,-10.114685,2026-09-26,28.2,16.0,0.0,1,13.0,32.0,3
Ksar El Kebir,35.0,-5.875,2026-09-20,37.3,23.5,0.0,0,13.0,24.8,1
Ksar El Kebir,35.0,-5.875,2026-09-21,36.4,22.2,0.0,0,15.3,28.8,1
Ksar El Kebir,35.0,-5.875,2026-09-22,35.5,20.7,0.0,0,16.1,30.6,1
Ksar El Kebir,35.0,-5.875,2026-09-23,35.3,19.7,0.0,0,14.6,29.2,0
Ksar El Kebir,35.0,-5.875,2026-09-24,36.3,19.9,0.0,0,17.6,33.5,0
Ksar El Kebir,35.0,-5.875,2026-09-25,35.0,17.6,0.0,0,18.5,36.4,1
Ksar El Kebir,35.0,-5.875,2026-09-26,31.7,16.8,0.0,0,16.6,30.6,3
Khénifra,32.9375,-5.6875,2026-09-20,34.1,18.9,0.0,0,15.5,33.8,3
Khénifra,32.9375,-5.6875,2026-09-21,34.5,19.4,0.0,0,22.0,43.9,2
Khénifra,32.9375,-5.6875,2026-09-22,33.0,17.0,0.0,0,17.0,32.4,2
Khénifra,32.9375,-5.6875,2026-09-23,33.1,16.5,0.0,0,10.2,25.9,1
Khénifra,32.9375,-5.6875,2026-09-24,34.5,16.2,0.0,0,11.1,24.5,0
Khénifra,32.9375,-5.6875,2026-09-25,34.9,18.2,0.0,0,8.8,20.5,1
Khénifra,32.9375,-5.6875,2026-09-26,33.6,18.2,0.0,3,15.0,28.4,3
Skhirate,33.875,-7.0,2026-09-20,28.4,19.3,0.0,0,11.0,25.6,2
Skhirate,33.875,-7.0,2026-09-21,28.8,19.8,0.0,0,11.7,27.4,2
Skhirate,33.875,-7.0,2026-09-22,27.2,19.1,0.0,0,11.5,26.6,45
Skhirate,33.875,-7.0,2026-09-23,26.5,18.5,0.0,0,12.3,27.4,45
Skhirate,33.875,-7.0,2026-09-24,26.9,18.2,0.0,0,11.8,27.0,1
Skhirate,33.875,-7.0,2026-09-25,26.1,18.9,0.0,0,11.3,24.1,3
Skhirate,33.875,-7.0,2026-09-26,25.3,18.8,0.0,0,11.3,23.8,3
Beni Yakhlef,33.625,-7.3125,2026-09-20,32.4,18.9,0.0,0,16.2,30.6,2
Beni Yakhlef,33.625,-7.3125,2026-09-21,33.3,19.8,0.0,0,16.6,31.0,2
Beni Yakhlef,33.625,-7.3125,2026-09-22,31.3,18.5,0.0,0,15.6,28.8,1
Beni Yakhlef,33.625,-7.3125,2026-09-23,30.4,18.4,0.0,0,14.5,27.0,45
Beni Yakhlef,33.625,-7.3125,2026-09-24,30.7,17.6,0.0,0,16.4,30.6,45
Beni Yakhlef,33.625,-7.3125,2026-09-25,30.6,17.1,0.0,0,16.2,30.6,3
Beni Yakhlef,33.625,-7.3125,2026-09-26,28.3,17.5,0.0,0,14.5,28.1,3
Sidi Yahya Zaer,33.6875,-6.875,2026-09-20,35.6,19.4,0.0,0,18.8,38.9,2
Sidi Yahya Zaer,33.6875,-6.875,2026-09-21,35.6,21.0,0.0,0,17.9,36.0,2
Sidi Yahya Zaer,33.6875,-6.875,2026-09-22,33.3,19.7,0.0,0,16.1,32.4,0
Sidi Yahya Zaer,33.6875,-6.875,2026-09-23,33.4,17.9,0.0,0,15.5,31.7,0
Sidi Yahya Zaer,33.6875,-6.875,2026-09-24,33.8,19.8,0.0,0,16.3,34.6,0
Sidi Yahya Zaer,33.6875,-6.875,2026-09-25,33.2,15.4,0.0,0,15.6,32.8,3
Sidi Yahya Zaer,33.6875,-6.875,2026-09-26,29.4,15.8,0.0,0,16.4,32.8,3
Ben Guerir,32.25,-7.9375,2026-09-20,36.8,23.5,0.0,8,20.8,42.8,3
Ben Guerir,32.25,-7.9375,2026-09-21,37.1,24.3,0.0,0,22.4,43.9,3
Ben Guerir,32.25,-7.9375,2026-09-22,36.3,21.9,0.0,0,15.8,31.0,1
Ben Guerir,32.25,-7.9375,2026-09-23,35.8,20.3,0.0,0,12.8,26.3,0
Ben Guerir,32.25,-7.9375,2026-09-24,36.6,20.5,0.0,0,14.9,29.5,0
Ben Guerir,32.25,-7.9375,2026-09-25,36.3,20.1,0.0,0,19.2,36.4,3
Ben Guerir,32.25,-7.9375,2026-09-26,33.3,20.6,0.0,0,20.0,34.9,3
Ait Ali,30.1875,-9.5,2026-09-20,27.5,20.2,0.0,0,19.1,32.4,2
Ait Ali,30.1875,-9.5,2026-09-21,39.2,21.9,0.0,0,17.1,28.4,3
Ait Ali,30.1875,-9.5,2026-09-22,39.6,23.9,0.0,0,24.4,41.8,3
Ait Ali,30.1875,-9.5,2026-09-23,37.8,23.2,0.0,0,19.8,35.6,3
Ait Ali,30.1875,-9.5,2026-09-24,33.0,21.7,0.0,0,18.1,32.0,1
Ait Ali,30.1875,-9.5,2026-09-25,28.2,20.0,0.0,0,17.8,31.7,3
Ait Ali,30.1875,-9.5,2026-09-26,27.7,21.1,0.0,0,16.9,29.2,3
My Drarga,30.375,-9.5,2026-09-20,27.4,20.7,0.0,0,14.8,32.8,45
My Drarga,30.375,-9.5,2026-09-21,36.9,22.1,0.0,0,14.9,28.1,3
My Drarga,30.375,-9.5,2026-09-22,37.1,23.7,0.0,0,22.0,45.0,2
My Drarga,30.375,-9.5,2026-09-23,35.7,23.4,0.0,0,13.3,30.2,3
My Drarga,30.375,-9.5,2026-09-24,32.8,21.9,0.0,0,11.2,28.4,0
My Drarga,30.375,-9.5,2026-09-25,33.2,21.2,0.0,0,12.9,26.6,3
My Drarga,30.375,-9.5,2026-09-26,27.8,21.7,0.0,0,11.0,22.7,3
Lqoliaa,30.3125,-9.4375,2026-09-20,28.0,19.9,0.0,0,19.5,42.5,45
Lqoliaa,30.3125,-9.4375,2026-09-21,39.3,20.8,0.0,0,14.6,32.4,3
Lqoliaa,30.3125,-9.4375,2026-09-22,39.5,22.4,0.0,0,20.0,43.6,2
Lqoliaa,30.3125,-9.4375,2026-09-23,38.1,22.3,0.0,0,17.3,40.3,3
Lqoliaa,30.3125,-9.4375,2026-09-24,34.1,20.5,0.0,0,17.6,37.4,0
Lqoliaa,30.3125,-9.4375,2026-09-25,27.0,18.7,0.0,0,17.6,38.9,45
Lqoliaa,30.3125,-9.4375,2026-09-26,25.4,20.3,0.0,0,14.8,33.5,3
El Kelaa des Srarhna,32.0625,-7.375,2026-09-20,37.4,24.3,0.0,8,20.2,34.2,3
El Kelaa des Srarhna,32.0625,-7.375,2026-09-21,37.2,23.1,0.0,5,15.3,28.4,2
El Kelaa des Srarhna,32.0625,-7.375,2026-09-22,36.6,22.0,0.0,0,15.2,27.4,2
El Kelaa des Srarhna,32.0625,-7.375,2026-09-23,36.0,20.3,0.0,0,15.5,26.3,0
El Kelaa des Srarhna,32.0625,-7.375,2026-09-24,37.2,19.3,0.0,0,11.9,22.7,0
El Kelaa des Srarhna,32.0625,-7.375,2026-09-25,36.6,19.1,0.0,0,18.2,31.3,3
El Kelaa des Srarhna,32.0625,-7.375,2026-09-26,32.0,20.3,0.0,0,12.9,25.9,3
Moulay Abdallah,33.1875,-8.5625,2026-09-20,28.7,20.9,0.0,0,13.4,20.9,45
Moulay Abdallah,33.1875,-8.5625,2026-09-21,30.5,21.2,0.0,0,14.4,22.7,45
Moulay Abdallah,33.1875,-8.5625,2026-09-22,28.7,20.6,0.0,0,15.6,24.5,45
Moulay Abdallah,33.1875,-8.5625,2026-09-23,28.1,20.7,0.0,0,15.2,24.1,45
Moulay Abdallah,33.1875,-8.5625,2026-09-24,27.5,20.5,0.0,0,14.8,24.1,45
Moulay Abdallah,33.1875,-8.5625,2026-09-25,27.7,20.2,0.0,0,16.6,32.0,45
Moulay Abdallah,33.1875,-8.5625,2026-09-26,27.1,20.3,0.0,0,15.3,29.5,3
Tiflet,33.875,-6.3125,2026-09-20,36.9,20.8,0.0,0,15.8,32.0,1
Tiflet,33.875,-6.3125,2026-09-21,35.9,21.3,0.0,0,15.3,31.7,2
Tiflet,33.875,-6.3125,2026-09-22,33.8,20.1,0.0,0,13.3,27.4,0
Tiflet,33.875,-6.3125,2026-09-23,34.6,19.7,0.0,0,14.1,32.8,0
Tiflet,33.875,-6.3125,2026-09-24,36.2,20.8,0.0,0,16.0,37.4,0
Tiflet,33.875,-6.3125,2026-09-25,36.2,19.2,0.0,0,16.7,34.6,2
Tiflet,33.875,-6.3125,2026-09-26,31.9,20.3,0.0,0,16.0,33.5,3
Oulad Teïma,30.375,-9.1875,2026-09-20,32.3,22.1,0.0,0,24.3,44.3,2
Oulad Teïma,30.375,-9.1875,2026-09-21,40.0,21.3,0.0,0,23.2,42.5,3
Oulad Teïma,30.375,-9.1875,2026-09-22,40.5,22.1,0.0,0,25.0,48.2,1
Oulad Teïma,30.375,-9.1875,2026-09-23,40.2,21.8,0.0,0,22.0,40.7,3
Oulad Teïma,30.375,-9.1875,2026-09-24,38.7,21.1,0.0,0,20.8,38.5,0
Oulad Teïma,30.375,-9.1875,2026-09-25,30.8,18.4,0.0,0,24.4,43.2,3
Oulad Teïma,30.375,-9.1875,2026-09-26,27.4,20.3,0.0,0,21.1,40.7,3
Berkane,34.9375,-2.3125,2026-09-20,27.4,20.2,0.0,0,17.9,37.4,45
Berkane,34.9375,-2.3125,2026-09-21,26.5,18.9,0.0,8,17.4,36.0,45
Berkane,34.9375,-2.3125,2026-09-22,26.8,16.9,0.0,0,16.8,34.9,2
Berkane,34.9375,-2.3125,2026-09-23,27.0,17.7,0.0,0,14.2,29.5,2
Berkane,34.9375,-2.3125,2026-09-24,27.9,17.0,0.0,0,15.5,33.8,0
Berkane,34.9375,-2.3125,2026-09-25,34.5,18.7,0.0,0,12.6,22.7,0
Berkane,34.9375,-2.3125,2026-09-26,29.1,19.9,0.0,0,12.3,23.4,3
Ain El Aouda,33.8125,-6.8125,2026-09-20,35.5,18.2,0.0,0,16.6,32.8,1
Ain El Aouda,33.8125,-6.8125,2026-09-21,35.1,19.7,0.0,0,15.5,31.0,2
Ain El Aouda,33.8125,-6.8125,2026-09-22,33.0,18.8,0.0,0,14.2,28.4,0
Ain El Aouda,33.8125,-6.8125,2026-09-23,32.9,17.1,0.0,0,14.7,29.2,0
Ain El Aouda,33.8125,-6.8125,2026-09-24,33.7,17.9,0.0,0,15.5,31.3,0
Ain El Aouda,33.8125,-6.8125,2026-09-25,33.9,16.1,0.0,0,16.1,32.8,3
Ain El Aouda,33.8125,-6.8125,2026-09-26,30.7,16.3,0.0,0,16.4,31.7,3
Errachidia,31.9375,-4.4375,2026-09-20,29.2,19.1,0.0,20,12.2,23.0,3
Errachidia,31.9375,-4.4375,2026-09-21,30.4,19.8,0.5,23,15.3,32.8,80
Errachidia,31.9375,-4.4375,2026-09-22,29.7,19.2,0.0,2,10.8,22.7,3
Errachidia,31.9375,-4.4375,2026-09-23,29.6,19.0,0.0,3,8.3,22.3,2
Errachidia,31.9375,-4.4375,2026-09-24,30.7,19.3,0.0,0,8.4,20.2,2
Errachidia,31.9375,-4.4375,2026-09-25,32.3,20.0,0.0,0,12.1,24.5,1
Errachidia,31.9375,-4.4375,2026-09-26,31.2,19.8,0.0,5,12.2,22.0,3
Al Fqih Ben Çalah,32.5,-6.6875,2026-09-20,38.5,23.0,0.0,8,23.1,44.3,2
Al Fqih Ben Çalah,32.5,-6.6875,2026-09-21,37.9,20.8,0.0,3,17.6,35.3,2
Al Fqih Ben Çalah,32.5,-6.6875,2026-09-22,37.1,19.7,0.0,0,10.7,22.0,2
Al Fqih Ben Çalah,32.5,-6.6875,2026-09-23,36.8,17.8,0.0,0,15.2,27.4,0
Al Fqih Ben Çalah,32.5,-6.6875,2026-09-24,38.2,18.3,0.0,0,10.1,19.8,0
Al Fqih Ben Çalah,32.5,-6.6875,2026-09-25,38.6,17.2,0.0,0,10.0,20.9,3
Al Fqih Ben Çalah,32.5,-6.6875,2026-09-26,34.1,17.4,0.0,0,10.9,24.5,3
Ad Darwa,33.4375,-7.5625,2026-09-20,34.5,19.6,0.0,0,15.3,30.6,2
Ad Darwa,33.4375,-7.5625,2026-09-21,35.9,20.0,0.0,0,16.9,33.1,2
Ad Darwa,33.4375,-7.5625,2026-09-22,33.9,19.2,0.0,0,15.3,30.2,1
Ad Darwa,33.4375,-7.5625,2026-09-23,32.7,18.3,0.0,0,13.5,27.4,45
Ad Darwa,33.4375,-7.5625,2026-09-24,32.8,17.9,0.0,0,15.9,31.0,45
Ad Darwa,33.4375,-7.5625,2026-09-25,34.0,17.9,0.0,0,18.3,34.9,3
Ad Darwa,33.4375,-7.5625,2026-09-26,31.0,17.7,0.0,0,17.1,33.1,3
Martil,35.625,-5.3125,2026-09-20,24.7,22.8,2.9,45,26.5,56.9,80
Martil,35.625,-5.3125,2026-09-21,25.3,22.2,0.1,3,22.4,47.5,2
Martil,35.625,-5.3125,2026-09-22,24.9,21.4,0.0,0,19.2,40.0,2
Martil,35.625,-5.3125,2026-09-23,24.9,20.2,0.0,0,15.5,35.3,2
Martil,35.625,-5.3125,2026-09-24,25.3,20.4,0.0,0,14.3,32.0,45
Martil,35.625,-5.3125,2026-09-25,29.4,19.4,0.0,0,7.0,13.0,45
Martil,35.625,-5.3125,2026-09-26,24.8,19.5,0.0,0,16.3,28.1,45
Sidi Slimane,34.25,-5.9375,2026-09-20,38.8,23.5,0.0,0,17.6,37.1,0
Sidi Slimane,34.25,-5.9375,2026-09-21,38.3,22.9,0.0,0,14.6,33.5,2
Sidi Slimane,34.25,-5.9375,2026-09-22,36.3,19.5,0.0,0,13.4,32.8,0
Sidi Slimane,34.25,-5.9375,2026-09-23,37.1,18.2,0.0,0,13.0,34.9,0
Sidi Slimane,34.25,-5.9375,2026-09-24,38.6,18.1,0.0,0,16.4,40.3,0
Sidi Slimane,34.25,-5.9375,2026-09-25,38.0,17.2,0.0,0,15.6,35.6,2
Sidi Slimane,34.25,-5.9375,2026-09-26,32.1,16.2,0.0,0,17.1,32.4,3
Oued Zem,32.875,-6.5625,2026-09-20,35.3,22.3,0.0,3,22.0,53.6,2
Oued Zem,32.875,-6.5625,2026-09-21,35.1,22.8,0.0,0,20.2,46.4,2
Oued Zem,32.875,-6.5625,2026-09-22,34.2,20.7,0.0,0,16.9,34.2,2
Oued Zem,32.875,-6.5625,2026-09-23,34.0,19.1,0.0,0,15.4,33.8,0
Oued Zem,32.875,-6.5625,2026-09-24,35.4,20.0,0.0,0,17.2,36.4,0
Oued Zem,32.875,-6.5625,2026-09-25,34.9,18.6,0.0,0,14.7,29.5,3
Oued Zem,32.875,-6.5625,2026-09-26,32.6,18.0,0.0,3,17.2,33.5,3
Sefrou,33.8125,-4.8125,2026-09-20,31.5,20.8,0.0,0,17.7,38.2,1
Sefrou,33.8125,-4.8125,2026-09-21,31.6,20.8,0.0,0,17.5,36.7,2
Sefrou,33.8125,-4.8125,2026-09-22,30.3,19.6,0.0,0,15.6,34.2,0
Sefrou,33.8125,-4.8125,2026-09-23,30.9,20.2,0.0,0,16.0,35.6,0
Sefrou,33.8125,-4.8125,2026-09-24,32.2,21.2,0.0,0,15.3,34.2,0
Sefrou,33.8125,-4.8125,2026-09-25,33.6,16.3,0.0,0,15.8,30.6,1
Sefrou,33.8125,-4.8125,2026-09-26,32.8,17.0,0.0,0,15.3,31.0,3
Taroudannt,30.5,-8.875,2026-09-20,38.9,23.4,0.0,0,25.3,48.2,2
Taroudannt,30.5,-8.875,2026-09-21,39.5,23.0,0.0,0,23.0,44.6,3
Taroudannt,30.5,-8.875,2026-09-22,40.1,23.4,0.0,0,22.5,47.2,1
Taroudannt,30.5,-8.875,2026-09-23,40.8,22.6,0.0,0,17.8,38.2,3
Taroudannt,30.5,-8.875,2026-09-24,39.7,22.7,0.0,0,22.2,42.8,2
Taroudannt,30.5,-8.875,2026-09-25,37.9,18.9,0.0,0,24.1,44.6,3
Taroudannt,30.5,-8.875,2026-09-26,30.4,21.1,0.0,0,19.1,37.1,3
Essaouira,31.5,-9.75,2026-09-20,25.7,19.3,0.0,0,12.9,25.6,3
Essaouira,31.5,-9.75,2026-09-21,27.3,19.9,0.0,0,10.8,19.8,3
Essaouira,31.5,-9.75,2026-09-22,26.7,19.5,0.0,0,12.6,24.8,3
Essaouira,31.5,-9.75,2026-09-23,27.1,19.4,0.0,0,17.0,35.3,3
Essaouira,31.5,-9.75,2026-09-24,24.7,18.5,0.0,0,15.1,29.9,1
Essaouira,31.5,-9.75,2026-09-25,30.1,20.3,0.0,0,15.5,30.6,3
Essaouira,31.5,-9.75,2026-09-26,28.4,20.8,0.0,0,19.6,36.7,3
Azrou,33.4375,-5.25,2026-09-20,28.4,18.2,0.0,10,16.9,38.9,3
Azrou,33.4375,-5.25,2026-09-21,28.4,17.7,0.0,0,21.2,46.8,3
Azrou,33.4375,-5.25,2026-09-22,27.5,15.5,0.0,0,18.3,42.8,0
Azrou,33.4375,-5.25,2026-09-23,27.8,15.7,0.0,0,10.9,27.7,0
Azrou,33.4375,-5.25,2026-09-24,29.5,17.2,0.0,0,11.5,31.7,0
Azrou,33.4375,-5.25,2026-09-25,29.7,18.4,0.0,0,11.8,38.2,1
Azrou,33.4375,-5.25,2026-09-26,29.4,19.3,0.0,0,14.2,37.8,3
Guercif,34.25,-3.375,2026-09-20,31.2,20.8,0.0,0,29.6,55.4,2
Guercif,34.25,-3.375,2026-09-21,30.9,21.3,0.0,0,28.8,53.3,3
Guercif,34.25,-3.375,2026-09-22,30.7,17.1,0.0,0,23.4,44.6,2
Guercif,34.25,-3.375,2026-09-23,32.5,17.0,0.0,0,23.5,45.4,0
Guercif,34.25,-3.375,2026-09-24,33.0,16.7,0.0,0,22.7,45.7,0
Guercif,34.25,-3.375,2026-09-25,36.0,15.8,0.0,0,14.5,27.7,0
Guercif,34.25,-3.375,2026-09-26,35.3,16.8,0.0,0,27.2,47.9,3
Warzat,30.9375,-6.9375,2026-09-20,29.4,18.7,0.30000000000000004,28,14.2,32.0,61
Warzat,30.9375,-6.9375,2026-09-21,30.0,18.0,0.5,18,17.2,33.8,3
Warzat,30.9375,-6.9375,2026-09-22,32.1,16.9,0.0,0,26.9,46.8,2
Warzat,30.9375,-6.9375,2026-09-23,31.7,15.6,0.0,0,9.2,15.5,1
Warzat,30.9375,-6.9375,2026-09-24,32.3,16.1,0.0,0,14.9,26.3,2
Warzat,30.9375,-6.9375,2026-09-25,33.4,17.3,0.0,0,13.2,20.9,2
Warzat,30.9375,-6.9375,2026-09-26,30.9,18.8,0.0,3,10.8,17.6,3
Fnidq,35.8125,-5.375,2026-09-20,24.7,22.6,2.5,45,24.5,48.2,80
Fnidq,35.8125,-5.375,2026-09-21,25.5,22.0,0.0,3,21.7,41.0,3
Fnidq,35.8125,-5.375,2026-09-22,24.7,21.3,0.0,0,19.3,37.1,2
Fnidq,35.8125,-5.375,2026-09-23,24.7,20.8,0.0,0,15.7,31.3,2
Fnidq,35.8125,-5.375,2026-09-24,24.9,20.2,0.0,0,14.9,31.0,45
Fnidq,35.8125,-5.375,2026-09-25,29.3,19.4,0.0,0,7.0,13.0,45
Fnidq,35.8125,-5.375,2026-09-26,24.8,19.4,0.0,0,16.3,28.1,45
Tan-Tan,28.435852,-11.147736,2026-09-20,32.7,19.1,0.0,0,17.5,33.8,3
Tan-Tan,28.435852,-11.147736,2026-09-21,36.3,18.8,0.0,0,23.9,45.4,3
Tan-Tan,28.435852,-11.147736,2026-09-22,35.9,19.7,0.0,0,20.2,38.2,3
Tan-Tan,28.435852,-11.147736,2026-09-23,36.1,24.3,0.0,0,21.0,39.6,3
Tan-Tan,28.435852,-11.147736,2026-09-24,33.7,19.6,0.0,0,19.2,38.2,0
Tan-Tan,28.435852,-11.147736,2026-09-25,28.0,18.9,0.0,0,17.9,36.0,3
Tan-Tan,28.435852,-11.147736,2026-09-26,27.1,19.5,0.0,2,13.0,34.6,3
Sidi Qacem,34.1875,-5.6875,2026-09-20,38.0,25.0,0.0,0,16.2,39.2,0
Sidi Qacem,34.1875,-5.6875,2026-09-21,37.8,24.4,0.0,0,11.8,24.8,2
Sidi Qacem,34.1875,-5.6875,2026-09-22,35.9,21.4,0.0,0,10.4,22.3,0
Sidi Qacem,34.1875,-5.6875,2026-09-23,36.7,19.5,0.0,0,8.3,21.2,0
Sidi Qacem,34.1875,-5.6875,2026-09-24,37.9,20.1,0.0,0,12.4,27.7,0
Sidi Qacem,34.1875,-5.6875,2026-09-25,37.8,20.1,0.0,0,17.1,36.4,2
Sidi Qacem,34.1875,-5.6875,2026-09-26,33.3,18.2,0.0,0,15.4,32.4,3
M’diq,35.625,-5.3125,2026-09-20,24.5,22.7,2.9,0,26.5,56.9,80
M’diq,35.625,-5.3125,2026-09-21,25.2,22.1,0.1,0,22.4,47.5,2
M’diq,35.625,-5.3125,2026-09-22,24.7,21.2,0.0,0,19.2,40.0,2
M’diq,35.625,-5.3125,2026-09-23,24.7,20.0,0.0,0,15.5,35.3,2
M’diq,35.625,-5.3125,2026-09-24,25.1,20.4,0.0,0,14.3,32.0,45
M’diq,35.625,-5.3125,2026-09-25,35.0,18.8,0.0,0,8.5,22.0,45
M’diq,35.625,-5.3125,2026-09-26,26.7,19.3,0.0,0,18.1,43.9,45
Youssoufia,32.25,-8.5,2026-09-20,37.7,22.0,0.0,8,19.8,42.8,3
Youssoufia,32.25,-8.5,2026-09-21,37.1,23.8,0.0,0,18.9,39.2,3
Youssoufia,32.25,-8.5,2026-09-22,36.8,20.3,0.0,0,17.5,35.3,1
Youssoufia,32.25,-8.5,2026-09-23,36.9,19.2,0.0,0,17.3,37.1,0
Youssoufia,32.25,-8.5,2026-09-24,36.1,19.6,0.0,0,15.9,34.2,0
Youssoufia,32.25,-8.5,2026-09-25,35.7,20.1,0.0,0,21.4,39.6,3
Youssoufia,32.25,-8.5,2026-09-26,32.5,19.9,0.0,0,20.4,38.2,3
Midalt,32.6875,-4.75,2026-09-20,28.0,13.8,0.2,15,18.2,60.5,61
Midalt,32.6875,-4.75,2026-09-21,29.0,14.7,0.0,3,20.6,38.9,2
Midalt,32.6875,-4.75,2026-09-22,27.7,14.3,0.0,0,22.2,40.0,2
Midalt,32.6875,-4.75,2026-09-23,28.3,13.4,0.0,0,13.6,22.7,2
Midalt,32.6875,-4.75,2026-09-24,29.3,13.7,0.0,0,13.1,22.3,0
Midalt,32.6875,-4.75,2026-09-25,30.1,12.3,0.0,0,10.9,19.1,0
Midalt,32.6875,-4.75,2026-09-26,29.4,11.7,0.0,0,15.3,23.0,3
Aïn Harrouda,33.625,-7.4375,2026-09-20,30.5,19.6,0.0,0,11.3,31.3,2
Aïn Harrouda,33.625,-7.4375,2026-09-21,31.4,20.1,0.0,0,11.6,31.7,2
Aïn Harrouda,33.625,-7.4375,2026-09-22,29.7,19.0,0.0,0,11.0,30.2,1
Aïn Harrouda,33.625,-7.4375,2026-09-23,28.6,19.7,0.0,0,10.9,29.5,45
Aïn Harrouda,33.625,-7.4375,2026-09-24,28.9,19.1,0.0,0,11.5,30.6,45
Aïn Harrouda,33.625,-7.4375,2026-09-25,28.8,18.5,0.0,0,12.7,30.2,45
Aïn Harrouda,33.625,-7.4375,2026-09-26,27.4,18.6,0.0,0,11.6,27.4,3
Souq Sebt Oulad Nemma,32.3125,-6.6875,2026-09-20,38.7,22.8,0.0,3,16.5,33.1,2
Souq Sebt Oulad Nemma,32.3125,-6.6875,2026-09-21,38.5,22.1,0.0,0,12.7,24.1,2
Souq Sebt Oulad Nemma,32.3125,-6.6875,2026-09-22,37.4,22.1,0.0,0,10.0,19.4,2
Souq Sebt Oulad Nemma,32.3125,-6.6875,2026-09-23,37.3,20.3,0.0,0,9.8,18.7,0
Souq Sebt Oulad Nemma,32.3125,-6.6875,2026-09-24,38.6,18.2,0.0,0,7.1,17.3,0
Souq Sebt Oulad Nemma,32.3125,-6.6875,2026-09-25,38.9,18.9,0.0,0,11.8,22.0,3
Souq Sebt Oulad Nemma,32.3125,-6.6875,2026-09-26,33.9,20.1,0.0,0,10.0,23.4,3
Mehdya,34.25,-6.625,2026-09-20,35.2,19.6,0.0,0,11.3,27.4,1
Mehdya,34.25,-6.625,2026-09-21,32.4,20.8,0.0,0,11.9,28.1,1
Mehdya,34.25,-6.625,2026-09-22,29.6,19.8,0.0,0,10.2,24.5,0
Mehdya,34.25,-6.625,2026-09-23,29.1,18.9,0.0,0,12.0,27.7,1
Mehdya,34.25,-6.625,2026-09-24,32.0,17.8,0.0,0,13.0,30.6,0
Mehdya,34.25,-6.625,2026-09-25,29.8,18.6,0.0,0,12.8,29.5,3
Mehdya,34.25,-6.625,2026-09-26,27.8,18.3,0.0,0,11.7,27.7,3
Ouezzane,34.8125,-5.625,2026-09-20,36.1,21.2,0.0,0,15.5,29.9,1
Ouezzane,34.8125,-5.625,2026-09-21,35.8,20.3,0.0,0,12.6,24.5,1
Ouezzane,34.8125,-5.625,2026-09-22,34.7,18.8,0.0,0,11.3,22.3,1
Ouezzane,34.8125,-5.625,2026-09-23,35.1,18.3,0.0,0,13.3,27.0,0
Ouezzane,34.8125,-5.625,2026-09-24,36.8,19.0,0.0,0,12.0,34.6,0
Ouezzane,34.8125,-5.625,2026-09-25,36.4,17.6,0.0,0,16.7,34.2,1
Ouezzane,34.8125,-5.625,2026-09-26,32.6,18.9,0.0,0,14.2,29.5,3
Semara,26.74868,-11.648254,2026-09-20,36.3,19.2,0.0,0,21.1,32.0,3
Semara,26.74868,-11.648254,2026-09-21,42.3,23.7,0.0,0,29.2,47.5,2
Semara,26.74868,-11.648254,2026-09-22,41.7,25.8,0.0,0,23.9,37.8,3
Semara,26.74868,-11.648254,2026-09-23,41.4,27.4,0.0,0,30.2,46.4,2
Semara,26.74868,-11.648254,2026-09-24,41.2,26.6,0.0,0,29.1,46.4,0
Semara,26.74868,-11.648254,2026-09-25,38.9,21.6,0.0,0,26.1,43.2,3
Semara,26.74868,-11.648254,2026-09-26,35.3,19.6,0.0,0,12.9,31.0,3
Ait Ourir,31.5625,-7.6875,2026-09-20,35.1,23.5,0.2,13,22.7,42.5,3
Ait Ourir,31.5625,-7.6875,2026-09-21,35.2,23.0,2.5,10,15.3,33.1,80
Ait Ourir,31.5625,-7.6875,2026-09-22,34.9,21.4,0.0,0,14.4,27.0,3
Ait Ourir,31.5625,-7.6875,2026-09-23,35.0,20.1,0.0,0,12.6,23.8,0
Ait Ourir,31.5625,-7.6875,2026-09-24,35.8,19.9,0.0,0,10.7,20.9,1
Ait Ourir,31.5625,-7.6875,2026-09-25,35.5,19.3,0.0,0,14.0,28.4,3
Ait Ourir,31.5625,-7.6875,2026-09-26,31.0,20.5,0.0,3,5.2,11.9,3
Oulad Tayeb,33.9375,-5.0,2026-09-20,34.8,20.2,0.0,0,15.5,29.9,1
Oulad Tayeb,33.9375,-5.0,2026-09-21,34.9,20.5,0.0,0,13.4,26.3,3
Oulad Tayeb,33.9375,-5.0,2026-09-22,33.6,19.5,0.0,0,10.5,20.9,0
Oulad Tayeb,33.9375,-5.0,2026-09-23,34.1,18.8,0.0,0,13.1,25.6,0
Oulad Tayeb,33.9375,-5.0,2026-09-24,35.4,20.0,0.0,0,14.2,27.7,0
Oulad Tayeb,33.9375,-5.0,2026-09-25,36.1,20.9,0.0,0,11.2,28.1,1
Oulad Tayeb,33.9375,-5.0,2026-09-26,34.5,21.0,0.0,0,14.3,35.3,3
Tit Mellil,33.5625,-7.5,2026-09-20,31.1,19.5,0.0,0,11.6,32.0,2
Tit Mellil,33.5625,-7.5,2026-09-21,32.2,20.1,0.0,0,12.4,33.5,2
Tit Mellil,33.5625,-7.5,2026-09-22,30.4,18.9,0.0,0,11.7,32.0,0
Tit Mellil,33.5625,-7.5,2026-09-23,29.4,19.1,0.0,0,11.1,30.2,45
Tit Mellil,33.5625,-7.5,2026-09-24,29.7,18.6,0.0,0,12.2,32.8,45
Tit Mellil,33.5625,-7.5,2026-09-25,28.6,18.4,0.0,0,12.2,31.7,45
Tit Mellil,33.5625,-7.5,2026-09-26,27.1,18.5,0.0,0,11.1,29.2,3
Sidi Bennour,32.625,-8.4375,2026-09-20,38.2,19.0,0.0,3,20.1,34.9,2
Sidi Bennour,32.625,-8.4375,2026-09-21,38.2,21.0,0.0,0,18.8,33.1,2
Sidi Bennour,32.625,-8.4375,2026-09-22,37.0,17.1,0.0,0,18.0,32.0,1
Sidi Bennour,32.625,-8.4375,2026-09-23,36.9,16.9,0.0,0,16.0,32.4,45
Sidi Bennour,32.625,-8.4375,2026-09-24,35.6,16.2,0.0,0,18.2,33.1,0
Sidi Bennour,32.625,-8.4375,2026-09-25,33.8,17.4,0.0,0,19.6,37.4,3
Sidi Bennour,32.625,-8.4375,2026-09-26,31.4,17.7,0.0,0,19.6,36.7,3
Temsia,30.375,-9.4375,2026-09-20,28.8,20.1,0.0,0,16.9,36.7,45
Temsia,30.375,-9.4375,2026-09-21,39.2,21.4,0.0,0,15.7,33.5,3
Temsia,30.375,-9.4375,2026-09-22,39.2,23.2,0.0,0,22.1,46.8,2
Temsia,30.375,-9.4375,2026-09-23,38.5,23.1,0.0,0,17.8,39.6,3
Temsia,30.375,-9.4375,2026-09-24,35.4,21.2,0.0,0,14.6,33.5,0
Temsia,30.375,-9.4375,2026-09-25,31.3,18.9,0.0,0,24.4,43.2,3
Temsia,30.375,-9.4375,2026-09-26,27.9,20.8,0.0,0,21.1,40.7,3
Biougra,30.1875,-9.375,2026-09-20,29.6,20.3,0.0,0,19.8,33.1,2
Biougra,30.1875,-9.375,2026-09-21,39.7,22.7,0.0,0,17.7,29.5,3
Biougra,30.1875,-9.375,2026-09-22,39.6,24.4,0.0,0,26.3,43.9,3
Biougra,30.1875,-9.375,2026-09-23,38.3,24.3,0.0,0,22.2,38.5,3
Biougra,30.1875,-9.375,2026-09-24,35.2,22.9,0.0,0,18.6,32.8,1
Biougra,30.1875,-9.375,2026-09-25,29.0,18.0,0.0,0,21.7,36.7,45
Biougra,30.1875,-9.375,2026-09-26,26.7,19.8,0.0,0,19.1,35.3,3
Al Hoceïma,35.1875,-3.875,2026-09-20,27.9,22.8,0.0,0,26.6,46.8,2
Al Hoceïma,35.1875,-3.875,2026-09-21,28.6,20.9,0.0,0,27.4,48.6,2
Al Hoceïma,35.1875,-3.875,2026-09-22,27.4,17.2,0.0,0,18.1,32.4,1
Al Hoceïma,35.1875,-3.875,2026-09-23,26.3,17.5,0.0,0,12.7,23.8,45
Al Hoceïma,35.1875,-3.875,2026-09-24,26.5,18.6,0.0,0,12.6,25.2,3
Al Hoceïma,35.1875,-3.875,2026-09-25,30.4,18.5,0.0,0,7.6,15.1,0
Al Hoceïma,35.1875,-3.875,2026-09-26,26.7,20.3,0.0,0,8.5,17.3,45
Qasbat Tadla,32.625,-6.25,2026-09-20,37.8,21.7,0.0,0,18.7,33.8,3
Qasbat Tadla,32.625,-6.25,2026-09-21,37.6,20.9,0.0,0,19.5,34.9,2
Qasbat Tadla,32.625,-6.25,2026-09-22,36.3,19.8,0.0,0,12.0,23.0,2
Qasbat Tadla,32.625,-6.25,2026-09-23,36.2,18.0,0.0,0,7.2,14.8,0
Qasbat Tadla,32.625,-6.25,2026-09-24,37.6,17.8,0.0,0,9.7,18.0,0
Qasbat Tadla,32.625,-6.25,2026-09-25,38.2,14.9,0.0,0,8.5,16.9,3
Qasbat Tadla,32.625,-6.25,2026-09-26,35.4,15.3,0.0,3,13.7,25.2,3
Aziylal,31.9375,-6.5625,2026-09-20,28.8,19.2,0.0,10,17.0,37.4,3
Aziylal,31.9375,-6.5625,2026-09-21,28.6,18.5,0.0,3,19.9,43.6,3
Aziylal,31.9375,-6.5625,2026-09-22,28.1,17.4,0.0,0,17.9,38.5,2
Aziylal,31.9375,-6.5625,2026-09-23,28.6,17.1,0.0,0,16.8,36.0,0
Aziylal,31.9375,-6.5625,2026-09-24,30.0,18.2,0.0,0,18.5,39.2,0
Aziylal,31.9375,-6.5625,2026-09-25,30.4,18.1,0.0,0,17.9,37.4,2
Aziylal,31.9375,-6.5625,2026-09-26,28.1,18.2,0.1,3,11.4,31.3,61
Boujad,32.75,-6.375,2026-09-20,36.1,21.7,0.0,3,23.3,43.2,3
Boujad,32.75,-6.375,2026-09-21,35.9,22.2,0.0,0,22.0,39.6,2
Boujad,32.75,-6.375,2026-09-22,34.5,19.6,0.0,0,15.5,27.7,2
Boujad,32.75,-6.375,2026-09-23,34.2,18.5,0.0,0,13.6,23.8,0
Boujad,32.75,-6.375,2026-09-24,35.6,18.7,0.0,0,14.5,25.7,0
Boujad,32.75,-6.375,2026-09-25,35.8,18.9,0.0,0,11.4,35.6,3
Boujad,32.75,-6.375,2026-09-26,33.4,18.9,0.0,3,12.1,29.2,3
Al Aaroui,35.0,-3.0,2026-09-20,26.6,21.6,0.0,3,29.3,51.1,3
Al Aaroui,35.0,-3.0,2026-09-21,26.6,20.1,0.0,0,23.9,41.4,3
Al Aaroui,35.0,-3.0,2026-09-22,27.0,17.5,0.0,0,21.4,37.1,45
Al Aaroui,35.0,-3.0,2026-09-23,27.6,17.1,0.0,0,19.6,34.2,45
Al Aaroui,35.0,-3.0,2026-09-24,29.2,17.1,0.0,0,22.1,38.9,45
Al Aaroui,35.0,-3.0,2026-09-25,36.6,15.7,0.0,0,13.4,23.8,0
Al Aaroui,35.0,-3.0,2026-09-26,29.9,17.1,0.0,0,16.4,31.0,3
Mrirt,33.1875,-5.5625,2026-09-20,32.3,17.6,0.0,3,21.5,44.3,3
Mrirt,33.1875,-5.5625,2026-09-21,32.7,19.0,0.0,0,24.1,51.1,3
Mrirt,33.1875,-5.5625,2026-09-22,31.7,16.9,0.0,0,21.1,43.6,1
Mrirt,33.1875,-5.5625,2026-09-23,31.9,15.8,0.0,0,16.0,39.2,0
Mrirt,33.1875,-5.5625,2026-09-24,33.1,15.8,0.0,0,16.9,40.3,0
Mrirt,33.1875,-5.5625,2026-09-25,33.4,14.6,0.0,0,16.3,30.6,1
Mrirt,33.1875,-5.5625,2026-09-26,32.3,15.0,0.0,4,12.6,32.0,3
Tineghir,31.5,-5.5625,2026-09-20,26.7,17.3,0.0,23,13.0,22.0,3
Tineghir,31.5,-5.5625,2026-09-21,28.8,17.6,0.2,25,22.9,39.6,3
Tineghir,31.5,-5.5625,2026-09-22,29.1,17.6,0.2,3,15.5,24.8,2
Tineghir,31.5,-5.5625,2026-09-23,29.0,16.7,0.0,0,9.3,17.6,2
Tineghir,31.5,-5.5625,2026-09-24,30.1,17.9,0.0,0,12.8,19.8,1
Tineghir,31.5,-5.5625,2026-09-25,31.7,17.3,0.0,0,17.9,31.0,2
Tineghir,31.5,-5.5625,2026-09-26,29.5,19.6,0.0,5,14.0,22.3,3
Bouknadel,34.1875,-6.6875,2026-09-20,31.7,20.2,0.0,0,10.5,19.8,1
Bouknadel,34.1875,-6.6875,2026-09-21,30.0,21.2,0.0,0,11.9,22.0,2
Bouknadel,34.1875,-6.6875,2026-09-22,27.8,20.3,0.0,0,11.2,19.8,0
Bouknadel,34.1875,-6.6875,2026-09-23,27.3,19.5,0.0,0,13.0,23.0,1
Bouknadel,34.1875,-6.6875,2026-09-24,28.5,18.6,0.0,0,13.7,24.1,0
Bouknadel,34.1875,-6.6875,2026-09-25,29.8,18.5,0.0,0,12.8,29.5,3
Bouknadel,34.1875,-6.6875,2026-09-26,27.8,18.3,0.0,0,11.7,27.7,3
Cabo Bojador,26.115992,-14.490692,2026-09-20,27.4,19.2,0.0,0,26.0,47.2,1
Cabo Bojador,26.115992,-14.490692,2026-09-21,27.8,21.1,0.0,0,27.4,47.2,2
Cabo Bojador,26.115992,-14.490692,2026-09-22,26.4,20.8,0.0,3,25.6,47.2,2
Cabo Bojador,26.115992,-14.490692,2026-09-23,33.9,21.0,0.0,4,27.3,46.8,3
Cabo Bojador,26.115992,-14.490692,2026-09-24,35.1,24.0,0.0,0,35.5,53.6,0
Cabo Bojador,26.115992,-14.490692,2026-09-25,32.8,21.7,0.0,0,37.1,60.8,3
Cabo Bojador,26.115992,-14.490692,2026-09-26,31.5,19.7,0.0,0,33.7,53.3,3
Zagora,30.3125,-5.8125,2026-09-20,33.4,23.8,0.0,3,13.7,28.8,3
Zagora,30.3125,-5.8125,2026-09-21,33.5,24.3,0.30000000000000004,23,7.1,15.1,3
Zagora,30.3125,-5.8125,2026-09-22,33.0,23.5,0.30000000000000004,3,7.7,16.6,80
Zagora,30.3125,-5.8125,2026-09-23,33.4,23.0,0.0,0,8.3,18.7,2
Zagora,30.3125,-5.8125,2026-09-24,34.6,24.2,0.0,3,16.9,26.6,3
Zagora,30.3125,-5.8125,2026-09-25,36.3,23.4,0.0,2,10.7,18.4,2
Zagora,30.3125,-5.8125,2026-09-26,34.7,24.2,0.0,5,9.3,18.0,3
Azemmour,33.3125,-8.3125,2026-09-20,29.1,19.0,0.0,0,12.9,23.8,45
Azemmour,33.3125,-8.3125,2026-09-21,30.8,19.9,0.0,0,14.9,27.0,45
Azemmour,33.3125,-8.3125,2026-09-22,29.0,20.2,0.0,0,14.8,27.0,45
Azemmour,33.3125,-8.3125,2026-09-23,28.2,19.7,0.0,0,14.0,25.9,45
Azemmour,33.3125,-8.3125,2026-09-24,27.6,19.0,0.0,0,14.1,25.9,45
Azemmour,33.3125,-8.3125,2026-09-25,27.5,20.7,0.0,0,15.9,30.6,45
Azemmour,33.3125,-8.3125,2026-09-26,26.8,20.7,0.0,0,14.0,28.1,3
El Hajeb,33.6875,-5.375,2026-09-20,32.0,20.7,0.0,0,20.0,42.1,3
El Hajeb,33.6875,-5.375,2026-09-21,32.1,21.7,0.0,0,21.8,46.8,2
El Hajeb,33.6875,-5.375,2026-09-22,30.7,20.3,0.0,0,18.4,39.2,0
El Hajeb,33.6875,-5.375,2026-09-23,31.3,19.9,0.0,0,16.3,32.8,0
El Hajeb,33.6875,-5.375,2026-09-24,32.4,19.8,0.0,0,16.7,34.6,0
El Hajeb,33.6875,-5.375,2026-09-25,32.7,18.5,0.0,0,19.6,38.5,2
El Hajeb,33.6875,-5.375,2026-09-26,31.7,17.5,0.0,0,17.2,35.3,3
Jerada,34.3125,-2.1875,2026-09-20,28.3,16.7,0.4,30,19.6,36.7,80
Jerada,34.3125,-2.1875,2026-09-21,26.9,17.0,0.0,8,22.3,50.0,3
Jerada,34.3125,-2.1875,2026-09-22,27.5,15.2,0.0,0,18.2,43.2,3
Jerada,34.3125,-2.1875,2026-09-23,28.9,16.1,0.0,0,16.2,46.1,2
Jerada,34.3125,-2.1875,2026-09-24,29.6,17.1,0.0,0,16.9,34.6,0
Jerada,34.3125,-2.1875,2026-09-25,31.7,13.4,0.0,0,17.0,29.5,0
Jerada,34.3125,-2.1875,2026-09-26,31.6,14.6,0.0,0,16.4,33.8,3
El Aïoun,34.5625,-2.5,2026-09-20,30.2,17.7,0.0,8,22.1,36.0,45
El Aïoun,34.5625,-2.5,2026-09-21,29.4,18.8,0.0,0,18.8,31.7,45
El Aïoun,34.5625,-2.5,2026-09-22,30.0,14.6,0.0,0,16.9,28.1,1
El Aïoun,34.5625,-2.5,2026-09-23,31.1,15.8,0.0,0,15.9,28.1,1
El Aïoun,34.5625,-2.5,2026-09-24,31.3,14.8,0.0,0,14.0,25.6,0
El Aïoun,34.5625,-2.5,2026-09-25,33.8,15.0,0.0,0,12.4,23.0,0
El Aïoun,34.5625,-2.5,2026-09-26,33.6,16.2,0.0,0,21.2,36.0,3
Tameslouht,31.5,-8.125,2026-09-20,36.5,23.6,0.2,30,23.3,38.2,3
Tameslouht,31.5,-8.125,2026-09-21,36.4,24.5,0.0,10,26.2,42.1,3
Tameslouht,31.5,-8.125,2026-09-22,36.3,23.0,0.0,0,15.8,25.9,1
Tameslouht,31.5,-8.125,2026-09-23,36.2,21.3,0.0,0,13.8,23.0,0
Tameslouht,31.5,-8.125,2026-09-24,36.6,21.1,0.0,0,14.0,23.8,0
Tameslouht,31.5,-8.125,2026-09-25,36.4,21.5,0.0,0,15.5,25.2,3
Tameslouht,31.5,-8.125,2026-09-26,31.7,23.3,0.0,3,10.5,22.3,3
Sidi Yahia El Gharb,34.3125,-6.3125,2026-09-20,38.3,22.1,0.0,0,15.5,29.9,1
Sidi Yahia El Gharb,34.3125,-6.3125,2026-09-21,37.0,20.8,0.0,0,17.6,32.0,1
Sidi Yahia El Gharb,34.3125,-6.3125,2026-09-22,34.5,18.8,0.0,0,15.6,28.1,0
Sidi Yahia El Gharb,34.3125,-6.3125,2026-09-23,34.2,17.6,0.0,0,17.3,32.0,0
Sidi Yahia El Gharb,34.3125,-6.3125,2026-09-24,37.8,17.3,0.0,0,15.5,34.6,0
Sidi Yahia El Gharb,34.3125,-6.3125,2026-09-25,36.7,16.4,0.0,0,18.0,34.6,3
Sidi Yahia El Gharb,34.3125,-6.3125,2026-09-26,31.1,16.9,0.0,0,17.9,33.5,3
Chichaoua,31.5625,-8.75,2026-09-20,36.6,22.8,0.0,8,29.1,48.2,3
Chichaoua,31.5625,-8.75,2026-09-21,37.3,23.7,0.0,3,23.4,37.4,3
Chichaoua,31.5625,-8.75,2026-09-22,37.2,20.5,0.0,0,24.4,40.0,0
Chichaoua,31.5625,-8.75,2026-09-23,36.9,20.1,0.0,0,22.4,38.2,0
Chichaoua,31.5625,-8.75,2026-09-24,36.9,19.8,0.0,0,21.5,36.0,0
Chichaoua,31.5625,-8.75,2026-09-25,36.6,22.2,0.0,0,20.6,33.1,3
Chichaoua,31.5625,-8.75,2026-09-26,32.6,22.5,0.0,0,19.6,36.0,3
Al ’Attawia,31.8125,-7.3125,2026-09-20,36.0,22.4,0.0,13,14.1,24.8,3
Al ’Attawia,31.8125,-7.3125,2026-09-21,35.4,21.8,0.0,5,15.0,25.9,3
Al ’Attawia,31.8125,-7.3125,2026-09-22,35.1,20.7,0.0,0,15.1,32.8,2
Al ’Attawia,31.8125,-7.3125,2026-09-23,34.7,19.1,0.0,0,14.7,27.0,0
Al ’Attawia,31.8125,-7.3125,2026-09-24,35.9,18.2,0.0,0,12.6,24.1,0
Al ’Attawia,31.8125,-7.3125,2026-09-25,35.7,16.8,0.0,0,17.5,32.4,3
Al ’Attawia,31.8125,-7.3125,2026-09-26,30.7,17.6,0.0,5,9.2,19.8,3
Tabount,30.875,-6.9375,2026-09-20,29.7,18.9,0.4,28,13.0,24.5,61
Tabount,30.875,-6.9375,2026-09-21,30.3,18.7,0.6000000000000001,18,17.6,29.9,3
Tabount,30.875,-6.9375,2026-09-22,32.1,18.0,0.0,0,27.2,43.9,2
Tabount,30.875,-6.9375,2026-09-23,31.9,16.8,0.0,0,8.6,13.3,1
Tabount,30.875,-6.9375,2026-09-24,32.3,17.8,0.0,0,19.6,29.9,2
Tabount,30.875,-6.9375,2026-09-25,33.3,17.2,0.0,0,13.2,20.9,2
Tabount,30.875,-6.9375,2026-09-26,30.8,18.7,0.0,3,10.8,17.6,3
Zaïo,34.9375,-2.75,2026-09-20,29.1,20.9,0.0,0,21.1,43.2,45
Zaïo,34.9375,-2.75,2026-09-21,28.2,19.7,0.0,0,17.2,35.6,45
Zaïo,34.9375,-2.75,2026-09-22,28.8,17.5,0.0,0,13.2,29.2,45
Zaïo,34.9375,-2.75,2026-09-23,29.6,17.9,0.0,0,11.0,26.3,45
Zaïo,34.9375,-2.75,2026-09-24,31.1,18.0,0.0,0,12.8,29.9,45
Zaïo,34.9375,-2.75,2026-09-25,36.2,15.6,0.0,0,14.0,24.5,1
Zaïo,34.9375,-2.75,2026-09-26,30.6,15.3,0.0,0,15.5,30.6,3
Aguelmous,33.125,-5.8125,2026-09-20,31.9,19.5,0.0,5,18.8,40.7,3
Aguelmous,33.125,-5.8125,2026-09-21,32.3,20.1,0.0,0,22.0,45.7,2
Aguelmous,33.125,-5.8125,2026-09-22,31.1,19.1,0.0,0,18.5,37.8,1
Aguelmous,33.125,-5.8125,2026-09-23,31.6,17.7,0.0,0,15.6,37.1,0
Aguelmous,33.125,-5.8125,2026-09-24,32.8,18.9,0.0,0,14.8,37.8,1
Aguelmous,33.125,-5.8125,2026-09-25,33.3,18.2,0.0,0,16.2,36.4,1
Aguelmous,33.125,-5.8125,2026-09-26,31.4,18.8,0.0,3,14.9,32.8,3
Asilah,35.5,-6.0,2026-09-20,30.1,24.0,0.0,0,33.5,60.8,1
Asilah,35.5,-6.0,2026-09-21,31.0,23.4,0.0,0,26.6,47.5,1
Asilah,35.5,-6.0,2026-09-22,30.6,22.6,0.0,0,19.3,34.6,1
Asilah,35.5,-6.0,2026-09-23,31.2,21.4,0.0,0,18.4,36.7,0
Asilah,35.5,-6.0,2026-09-24,32.7,22.0,0.0,0,21.4,39.6,0
Asilah,35.5,-6.0,2026-09-25,33.1,18.2,0.0,0,14.0,30.2,2
Asilah,35.5,-6.0,2026-09-26,31.5,18.8,0.0,0,12.2,23.0,3
Imzouren,35.125,-3.875,2026-09-20,29.0,21.1,0.0,0,23.5,41.8,2
Imzouren,35.125,-3.875,2026-09-21,29.7,19.9,0.0,0,22.2,41.0,1
Imzouren,35.125,-3.875,2026-09-22,28.1,17.6,0.0,0,15.4,28.4,1
Imzouren,35.125,-3.875,2026-09-23,27.0,17.4,0.0,0,14.1,26.3,2
Imzouren,35.125,-3.875,2026-09-24,27.7,18.3,0.0,0,14.2,27.4,2
Imzouren,35.125,-3.875,2026-09-25,34.0,19.8,0.0,0,11.2,20.5,0
Imzouren,35.125,-3.875,2026-09-26,30.5,22.7,0.0,0,11.2,22.3,3
Mediouna,33.4375,-7.5,2026-09-20,35.0,19.1,0.0,0,16.5,30.6,2
Mediouna,33.4375,-7.5,2026-09-21,36.2,19.9,0.0,0,18.4,33.1,2
Mediouna,33.4375,-7.5,2026-09-22,34.3,18.8,0.0,0,16.7,30.2,0
Mediouna,33.4375,-7.5,2026-09-23,33.0,18.0,0.0,0,14.9,27.4,45
Mediouna,33.4375,-7.5,2026-09-24,33.1,17.8,0.0,0,17.3,31.0,45
Mediouna,33.4375,-7.5,2026-09-25,28.2,18.0,0.0,0,12.2,31.7,45
Mediouna,33.4375,-7.5,2026-09-26,26.7,18.1,0.0,0,11.1,29.2,3
Demnat,31.75,-7.0625,2026-09-20,31.9,22.1,0.0,23,16.2,30.2,3
Demnat,31.75,-7.0625,2026-09-21,32.5,20.9,0.0,8,16.5,32.4,3
Demnat,31.75,-7.0625,2026-09-22,31.9,20.0,0.0,0,14.8,29.2,2
Demnat,31.75,-7.0625,2026-09-23,31.9,18.3,0.0,0,16.2,32.4,0
Demnat,31.75,-7.0625,2026-09-24,33.1,18.6,0.0,0,14.8,29.9,0
Demnat,31.75,-7.0625,2026-09-25,33.5,16.5,0.0,0,17.4,35.3,3
Demnat,31.75,-7.0625,2026-09-26,29.2,17.3,0.0,7,10.4,20.2,3
Aïn Taoujdat,33.9375,-5.1875,2026-09-20,34.9,19.5,0.0,0,15.3,29.5,1
Aïn Taoujdat,33.9375,-5.1875,2026-09-21,34.4,20.0,0.0,0,13.0,24.5,3
Aïn Taoujdat,33.9375,-5.1875,2026-09-22,33.1,18.8,0.0,0,11.3,21.6,0
Aïn Taoujdat,33.9375,-5.1875,2026-09-23,33.8,18.2,0.0,0,15.5,29.9,0
Aïn Taoujdat,33.9375,-5.1875,2026-09-24,35.1,19.0,0.0,0,15.9,29.9,0
Aïn Taoujdat,33.9375,-5.1875,2026-09-25,35.8,18.3,0.0,0,18.4,33.8,2
Aïn Taoujdat,33.9375,-5.1875,2026-09-26,34.6,18.4,0.0,0,16.7,30.2,3
Sidi Smai’il,32.8125,-8.5,2026-09-20,36.0,19.6,0.0,0,16.1,28.4,2
Sidi Smai’il,32.8125,-8.5,2026-09-21,36.4,20.9,0.0,0,15.8,27.7,2
Sidi Smai’il,32.8125,-8.5,2026-09-22,35.4,17.8,0.0,0,16.1,28.4,45
Sidi Smai’il,32.8125,-8.5,2026-09-23,34.2,18.6,0.0,0,15.3,28.8,45
Sidi Smai’il,32.8125,-8.5,2026-09-24,33.1,17.6,0.0,0,16.5,31.3,45
Sidi Smai’il,32.8125,-8.5,2026-09-25,31.1,18.4,0.0,0,18.5,34.6,3
Sidi Smai’il,32.8125,-8.5,2026-09-26,29.3,18.9,0.0,0,18.4,34.6,3
Moulay Bousselham,34.875,-6.25,2026-09-20,33.9,21.1,0.0,0,16.4,28.1,0
Moulay Bousselham,34.875,-6.25,2026-09-21,31.3,20.7,0.0,0,19.2,31.7,0
Moulay Bousselham,34.875,-6.25,2026-09-22,30.4,20.3,0.0,0,19.9,32.8,0
Moulay Bousselham,34.875,-6.25,2026-09-23,30.5,18.2,0.0,0,16.5,28.8,0
Moulay Bousselham,34.875,-6.25,2026-09-24,30.2,17.8,0.0,0,16.9,28.1,0
Moulay Bousselham,34.875,-6.25,2026-09-25,32.2,17.2,0.0,0,18.1,32.8,3
Moulay Bousselham,34.875,-6.25,2026-09-26,28.0,16.4,0.0,0,14.1,26.6,45
Mechraa Bel Ksiri,34.5625,-5.9375,2026-09-20,38.0,24.5,0.0,0,23.0,43.2,0
Mechraa Bel Ksiri,34.5625,-5.9375,2026-09-21,37.6,24.7,0.0,0,19.5,36.4,1
Mechraa Bel Ksiri,34.5625,-5.9375,2026-09-22,36.2,22.7,0.0,0,15.5,28.8,0
Mechraa Bel Ksiri,34.5625,-5.9375,2026-09-23,36.8,18.6,0.0,0,13.7,30.2,0
Mechraa Bel Ksiri,34.5625,-5.9375,2026-09-24,38.3,19.4,0.0,0,14.8,36.7,0
Mechraa Bel Ksiri,34.5625,-5.9375,2026-09-25,36.9,17.9,0.0,0,18.7,34.9,2
Mechraa Bel Ksiri,34.5625,-5.9375,2026-09-26,31.4,16.9,0.0,0,16.3,31.0,3
Souk et Tnine Jorf el Mellah,34.5,-5.5,2026-09-20,37.4,24.6,0.0,0,23.0,42.5,0
Souk et Tnine Jorf el Mellah,34.5,-5.5,2026-09-21,37.3,24.7,0.0,0,18.9,35.3,1
Souk et Tnine Jorf el Mellah,34.5,-5.5,2026-09-22,35.9,23.1,0.0,0,15.7,29.5,0
Souk et Tnine Jorf el Mellah,34.5,-5.5,2026-09-23,36.7,21.0,0.0,0,7.4,21.2,0
Souk et Tnine Jorf el Mellah,34.5,-5.5,2026-09-24,38.2,20.8,0.0,0,12.9,25.2,0
Souk et Tnine Jorf el Mellah,34.5,-5.5,2026-09-25,38.4,18.3,0.0,0,13.3,29.9,1
Souk et Tnine Jorf el Mellah,34.5,-5.5,2026-09-26,34.5,19.8,0.0,0,16.2,29.5,3
Zeghanghane,35.125,-3.0,2026-09-20,26.2,22.3,0.9,38,27.7,55.1,80
Zeghanghane,35.125,-3.0,2026-09-21,26.4,21.5,0.0,0,23.6,47.2,2
Zeghanghane,35.125,-3.0,2026-09-22,26.6,18.5,0.0,0,19.3,37.4,2
Zeghanghane,35.125,-3.0,2026-09-23,27.2,18.3,0.0,0,17.2,34.6,45
Zeghanghane,35.125,-3.0,2026-09-24,29.0,18.6,0.0,0,15.3,31.3,45
Zeghanghane,35.125,-3.0,2026-09-25,34.7,14.9,0.0,0,11.2,22.0,0
Zeghanghane,35.125,-3.0,2026-09-26,27.4,17.9,0.0,0,20.7,36.7,3
Oulad Barhil,30.625,-8.5,2026-09-20,37.3,24.5,0.0,8,15.8,43.6,3
Oulad Barhil,30.625,-8.5,2026-09-21,37.4,23.0,0.0,3,20.2,37.4,3
Oulad Barhil,30.625,-8.5,2026-09-22,37.9,21.1,0.0,0,16.6,31.3,0
Oulad Barhil,30.625,-8.5,2026-09-23,38.5,20.2,0.0,0,18.4,32.0,1
Oulad Barhil,30.625,-8.5,2026-09-24,38.1,20.6,0.0,0,24.5,46.4,1
Oulad Barhil,30.625,-8.5,2026-09-25,38.6,19.5,0.0,0,25.3,48.6,3
Oulad Barhil,30.625,-8.5,2026-09-26,34.3,22.0,0.0,0,12.0,21.2,3
Bir Jdid,33.375,-8.0,2026-09-20,30.2,19.7,0.0,0,14.7,28.8,2
Bir Jdid,33.375,-8.0,2026-09-21,31.9,20.2,0.0,0,15.9,31.7,2
Bir Jdid,33.375,-8.0,2026-09-22,30.1,19.1,0.0,0,15.5,29.9,45
Bir Jdid,33.375,-8.0,2026-09-23,29.1,19.2,0.0,0,14.1,27.4,45
Bir Jdid,33.375,-8.0,2026-09-24,29.2,18.5,0.0,0,15.9,30.2,45
Bir Jdid,33.375,-8.0,2026-09-25,28.1,18.4,0.0,0,16.7,32.4,45
Bir Jdid,33.375,-8.0,2026-09-26,27.1,18.8,0.0,0,15.1,29.9,3
Bou Arfa,32.5,-1.9375,2026-09-20,26.9,15.6,1.8,30,20.8,37.1,80
Bou Arfa,32.5,-1.9375,2026-09-21,28.4,15.6,0.0,5,17.0,27.4,3
Bou Arfa,32.5,-1.9375,2026-09-22,26.7,15.3,0.0,3,13.8,20.5,3
Bou Arfa,32.5,-1.9375,2026-09-23,28.0,13.8,0.0,0,11.0,18.0,2
Bou Arfa,32.5,-1.9375,2026-09-24,29.1,14.8,0.0,0,9.8,18.0,1
Bou Arfa,32.5,-1.9375,2026-09-25,30.6,14.0,0.0,0,11.7,20.5,0
Bou Arfa,32.5,-1.9375,2026-09-26,30.9,13.4,0.0,3,13.3,23.0,3
Tahannawt,31.375,-7.9375,2026-09-20,32.6,23.2,0.0,20,15.7,28.8,3
Tahannawt,31.375,-7.9375,2026-09-21,32.6,22.3,0.0,20,17.4,34.6,3
Tahannawt,31.375,-7.9375,2026-09-22,33.0,21.2,0.0,0,17.2,32.0,1
Tahannawt,31.375,-7.9375,2026-09-23,32.7,19.2,0.0,0,14.4,28.1,0
Tahannawt,31.375,-7.9375,2026-09-24,33.2,18.9,0.0,0,13.4,26.6,1
Tahannawt,31.375,-7.9375,2026-09-25,33.6,18.0,0.0,0,14.3,26.6,2
Tahannawt,31.375,-7.9375,2026-09-26,28.7,19.9,0.0,8,12.5,21.2,3
Arfoud,31.4375,-4.25,2026-09-20,31.3,20.5,0.0,18,16.3,24.8,3
Arfoud,31.4375,-4.25,2026-09-21,32.7,20.8,0.0,25,19.8,49.0,3
Arfoud,31.4375,-4.25,2026-09-22,32.0,21.0,0.0,5,11.4,23.8,2
Arfoud,31.4375,-4.25,2026-09-23,31.6,21.1,0.0,0,8.4,16.9,3
Arfoud,31.4375,-4.25,2026-09-24,32.8,21.7,0.0,2,10.9,17.6,2
Arfoud,31.4375,-4.25,2026-09-25,34.7,21.9,0.0,3,7.1,11.2,2
Arfoud,31.4375,-4.25,2026-09-26,33.9,20.6,0.0,0,7.7,14.4,3
Tahla,34.0625,-4.4375,2026-09-20,32.8,20.9,0.0,0,22.2,42.8,0
Tahla,34.0625,-4.4375,2026-09-21,33.3,20.3,0.0,0,17.8,35.3,2
Tahla,34.0625,-4.4375,2026-09-22,32.2,18.8,0.0,0,13.2,26.3,0
Tahla,34.0625,-4.4375,2026-09-23,33.5,17.9,0.0,0,11.5,23.0,0
Tahla,34.0625,-4.4375,2026-09-24,34.2,18.5,0.0,0,16.9,32.0,0
Tahla,34.0625,-4.4375,2026-09-25,36.0,18.3,0.0,0,14.0,27.0,0
Tahla,34.0625,-4.4375,2026-09-26,35.3,18.8,0.0,0,12.3,22.7,3
Missour,33.0625,-4.0,2026-09-20,30.1,16.9,0.0,5,27.1,42.8,45
Missour,33.0625,-4.0,2026-09-21,29.9,17.9,0.0,3,25.3,40.3,45
Missour,33.0625,-4.0,2026-09-22,29.9,16.2,0.0,3,23.2,36.4,1
Missour,33.0625,-4.0,2026-09-23,31.3,15.5,0.0,0,21.4,32.8,1
Missour,33.0625,-4.0,2026-09-24,31.9,16.0,0.0,0,18.7,29.9,0
Missour,33.0625,-4.0,2026-09-25,33.3,15.7,0.0,0,15.6,25.2,0
Missour,33.0625,-4.0,2026-09-26,33.4,15.3,0.0,0,10.6,15.8,3
Sidi Lmokhtar,31.5625,-9.0,2026-09-20,36.4,22.0,0.0,0,21.3,37.1,2
Sidi Lmokhtar,31.5625,-9.0,2026-09-21,36.9,24.1,0.0,3,19.3,32.4,3
Sidi Lmokhtar,31.5625,-9.0,2026-09-22,37.1,20.4,0.0,0,18.2,30.2,1
Sidi Lmokhtar,31.5625,-9.0,2026-09-23,36.6,19.9,0.0,0,18.3,35.3,0
Sidi Lmokhtar,31.5625,-9.0,2026-09-24,35.6,19.6,0.0,0,16.9,29.2,0
Sidi Lmokhtar,31.5625,-9.0,2026-09-25,35.7,19.5,0.0,0,19.9,35.3,3
Sidi Lmokhtar,31.5625,-9.0,2026-09-26,31.3,20.9,0.0,0,20.1,36.4,3
Douar Toulal,33.875,-5.625,2026-09-20,36.0,20.9,0.0,0,14.1,31.7,2
Douar Toulal,33.875,-5.625,2026-09-21,35.4,21.4,0.0,0,15.3,33.8,2
Douar Toulal,33.875,-5.625,2026-09-22,33.5,18.6,0.0,0,13.9,31.3,0
Douar Toulal,33.875,-5.625,2026-09-23,34.2,17.9,0.0,0,14.5,34.2,0
Douar Toulal,33.875,-5.625,2026-09-24,35.8,18.4,0.0,0,14.4,32.8,0
Douar Toulal,33.875,-5.625,2026-09-25,35.9,17.8,0.0,0,17.8,33.8,1
Douar Toulal,33.875,-5.625,2026-09-26,33.1,17.9,0.0,0,17.9,33.5,3
Oulad Yaïch,32.4375,-6.3125,2026-09-20,37.8,24.5,0.0,3,18.8,33.8,2
Oulad Yaïch,32.4375,-6.3125,2026-09-21,37.6,22.7,0.0,3,17.6,31.3,2
Oulad Yaïch,32.4375,-6.3125,2026-09-22,36.6,21.9,0.0,0,10.2,19.4,2
Oulad Yaïch,32.4375,-6.3125,2026-09-23,36.5,21.3,0.0,0,8.0,16.9,0
Oulad Yaïch,32.4375,-6.3125,2026-09-24,38.0,19.9,0.0,0,7.1,15.5,0
Oulad Yaïch,32.4375,-6.3125,2026-09-25,37.3,25.8,0.0,0,17.9,34.2,1
Oulad Yaïch,32.4375,-6.3125,2026-09-26,33.8,25.2,0.0,3,11.3,24.1,3
Zawyat ech Cheïkh,32.6875,-5.9375,2026-09-20,35.4,18.7,0.0,3,8.0,16.2,2
Zawyat ech Cheïkh,32.6875,-5.9375,2026-09-21,35.2,19.1,0.0,0,15.2,27.7,3
Zawyat ech Cheïkh,32.6875,-5.9375,2026-09-22,33.6,17.2,0.0,0,12.1,22.7,2
Zawyat ech Cheïkh,32.6875,-5.9375,2026-09-23,33.9,16.0,0.0,0,9.8,21.2,0
Zawyat ech Cheïkh,32.6875,-5.9375,2026-09-24,35.5,15.5,0.0,0,9.4,18.0,0
Zawyat ech Cheïkh,32.6875,-5.9375,2026-09-25,36.0,18.5,0.0,0,10.9,20.9,3
Zawyat ech Cheïkh,32.6875,-5.9375,2026-09-26,33.6,18.4,0.0,0,13.4,24.5,3
Imi-n-Tanout,31.1875,-8.875,2026-09-20,32.3,23.8,0.1,30,22.5,38.9,3
Imi-n-Tanout,31.1875,-8.875,2026-09-21,34.3,24.1,0.0,13,24.7,42.5,3
Imi-n-Tanout,31.1875,-8.875,2026-09-22,33.4,23.4,0.0,0,20.2,34.2,0
Imi-n-Tanout,31.1875,-8.875,2026-09-23,32.6,21.5,0.0,0,17.9,31.0,1
Imi-n-Tanout,31.1875,-8.875,2026-09-24,32.9,21.0,0.0,3,18.8,32.8,0
Imi-n-Tanout,31.1875,-8.875,2026-09-25,32.4,21.8,0.0,0,21.5,33.8,3
Imi-n-Tanout,31.1875,-8.875,2026-09-26,28.9,20.6,0.0,0,13.3,24.8,3
Sebt Gzoula,32.125,-9.0625,2026-09-20,34.3,21.8,0.0,0,16.5,32.0,2
Sebt Gzoula,32.125,-9.0625,2026-09-21,34.8,22.4,0.0,0,15.5,29.2,3
Sebt Gzoula,32.125,-9.0625,2026-09-22,36.5,19.8,0.0,0,16.1,30.6,0
Sebt Gzoula,32.125,-9.0625,2026-09-23,36.6,19.3,0.0,0,15.2,29.9,0
Sebt Gzoula,32.125,-9.0625,2026-09-24,34.0,18.7,0.0,0,14.1,27.0,0
Sebt Gzoula,32.125,-9.0625,2026-09-25,33.2,19.1,0.0,0,19.6,36.7,3
Sebt Gzoula,32.125,-9.0625,2026-09-26,30.5,20.6,0.0,0,16.7,32.0,3
Tifariti,26.18629,-10.559204,2026-09-20,37.4,18.8,0.0,0,14.1,26.6,0
Tifariti,26.18629,-10.559204,2026-09-21,39.1,26.4,0.0,0,23.9,39.2,1
Tifariti,26.18629,-10.559204,2026-09-22,38.8,26.5,0.0,2,20.4,32.4,2
Tifariti,26.18629,-10.559204,2026-09-23,38.6,26.9,0.0,1,23.4,38.5,2
Tifariti,26.18629,-10.559204,2026-09-24,38.5,26.0,0.0,0,18.8,35.3,3
Tifariti,26.18629,-10.559204,2026-09-25,38.3,24.5,0.0,0,21.2,38.5,3
Tifariti,26.18629,-10.559204,2026-09-26,36.8,23.3,0.0,0,22.4,36.0,3
